,Primeira,Segunda,Terceira,Quarta,Média
Linha 1,2.6,2.8,34.729,0.069,10.0495
Linha 2,0.139,6.76,7.84,1206.074,305.20325
Linha 3,0.005,0.019,2.6,2.8,1.3559999999999999
Linha 4,34.729,0.069,0.139,6.76,10.42425
Linha 5,7.84,1206.074,0.005,0.019,303.4845
Média,9.062,243.144,9.062,243.144,126.10300000000001
